{"cameraMode":{"drawMode":0,"name":"Shaded","section":"Shading Mode"},"sceneLighting":true,"audioPlay":false,"sceneViewState":{"m_AlwaysRefresh":false,"showFog":true,"showSkybox":true,"showFlares":true,"showImageEffects":true,"showParticleSystems":true,"showVisualEffectGraphs":true,"m_FxEnabled":true},"in2DMode":false,"pivot":{"x":1.0248762369155884,"y":2.4091897010803224,"z":-8.301948547363282},"rotation":{"x":0.16274085640907288,"y":0.7149410843849182,"z":-0.17723309993743897,"w":0.6564805507659912},"size":4.576936721801758,"orthographic":false}