{"cameraMode":{"drawMode":0,"name":"Shaded","section":"Shading Mode"},"sceneLighting":true,"audioPlay":false,"sceneViewState":{"m_AlwaysRefresh":false,"showFog":true,"showSkybox":true,"showFlares":true,"showImageEffects":true,"showParticleSystems":true,"showVisualEffectGraphs":true,"m_FxEnabled":true},"in2DMode":false,"pivot":{"x":0.0280379056930542,"y":2.334266185760498,"z":15.306026458740235},"rotation":{"x":0.03180381655693054,"y":-0.9678084254264832,"z":0.16204829514026643,"w":0.1899413913488388},"size":1.7042285203933716,"orthographic":false}