{"cameraMode":{"drawMode":0,"name":"Shaded","section":"Shading Mode"},"sceneLighting":true,"audioPlay":false,"sceneViewState":{"m_AlwaysRefresh":false,"showFog":true,"showSkybox":true,"showFlares":true,"showImageEffects":true,"showParticleSystems":true,"showVisualEffectGraphs":true,"m_FxEnabled":true},"in2DMode":false,"pivot":{"x":14.806264877319336,"y":1.2192487716674805,"z":326.9472351074219},"rotation":{"x":-0.09336047619581223,"y":-0.8258839249610901,"z":0.14445587992668153,"w":-0.5375235080718994},"size":13.303707122802735,"orthographic":false}