{"cameraMode":{"drawMode":0,"name":"Shaded","section":"Shading Mode"},"sceneLighting":true,"audioPlay":false,"sceneViewState":{"m_AlwaysRefresh":false,"showFog":true,"showSkybox":true,"showFlares":true,"showImageEffects":true,"showParticleSystems":true,"showVisualEffectGraphs":true,"m_FxEnabled":true},"in2DMode":false,"pivot":{"x":1.684910535812378,"y":0.8395295143127441,"z":27.348981857299806},"rotation":{"x":0.0936056524515152,"y":-0.060114551335573199,"z":0.005582669284194708,"w":0.9938814043998718},"size":14.142224311828614,"orthographic":false}