{"cameraMode":{"drawMode":0,"name":"Shaded","section":"Shading Mode"},"sceneLighting":true,"audioPlay":false,"sceneViewState":{"m_AlwaysRefresh":false,"showFog":true,"showSkybox":true,"showFlares":true,"showImageEffects":true,"showParticleSystems":true,"showVisualEffectGraphs":true,"m_FxEnabled":true},"in2DMode":false,"pivot":{"x":-0.9585387706756592,"y":-0.27802062034606936,"z":3.8594865798950197},"rotation":{"x":0.18787455558776856,"y":-0.15398427844047547,"z":0.02983826771378517,"w":0.969581127166748},"size":4.231432914733887,"orthographic":false}